Neo Reference ID,Name,Absolute Magnitude,Est Dia in KM(min),Est Dia in KM(max),Est Dia in M(min),Est Dia in M(max),Est Dia in Miles(min),Est Dia in Miles(max),Est Dia in Feet(min),Est Dia in Feet(max),Close Approach Date,Epoch Date Close Approach,Relative Velocity km per sec,Relative Velocity km per hr,Miles per hour,Miss Dist.(Astronomical),Miss Dist.(lunar),Miss Dist.(kilometers),Miss Dist.(miles),Orbiting Body,Orbit ID,Orbit Determination Date,Orbit Uncertainity,Minimum Orbit Intersection,Jupiter Tisserand Invariant,Epoch Osculation,Eccentricity,Semi Major Axis,Inclination,Asc Node Longitude,Orbital Period,Perihelion Distance,Perihelion Arg,Aphelion Dist,Perihelion Time,Mean Anomaly,Mean Motion,Equinox,Hazardous,prediccion,probabilidad
2230599,2230599,17.7,0.7665755734999999,1.7141150923,766.5755735311,1714.1150923063,0.4763278307,1.0651014090000002,2515.0118046636,5623.7373594423,2009-12-08,1260259200000,38.153257832,137351.72819502858,85345.0224442943,0.46744253659999996,181.83514404299999,69928408.0,43451500.0,Earth,27,2017-04-06 09:25:08,0,0.333397,3.093,2458000.5,0.8171182020991987,2.1700652326773806,20.961607122842,128.5943283580019,1167.636360125141,0.39686543131406,182.06495569249168,3.9432650340407016,2457479.7044441137,160.569169068186,0.3083151675419026,J2000,False,0.0,0.0
2194386,2194386,17.0,1.0581688593,2.3661375011000003,1058.1688593311999,2366.137501138,0.6575154422999999,1.4702492252000001,3471.6827204482,7762.9185592335,2002-05-08,1020841200000,15.5513835918,55984.9809306427,34786.8899565985,0.1243785126,48.383239746099996,18606760.0,11561705.0,Earth,214,2017-09-25 06:52:00,0,0.121228,3.281,2458000.5,0.6108900037029229,2.3057619328374885,13.662397647750963,248.6931894363467,1278.851520582208,0.8971950171483362,279.9719997189859,3.714328848526639,2457467.331408056,150.0883331728962,0.2815025780601229,J2000,False,0.0,0.0
2085236,2085236,18.6,0.5064714588,1.1325046106,506.4714588346,1132.5046106177,0.3147066768,0.7037055224,1661.651821003,3715.566426699,2015-06-08,1433746800000,16.0088706989,57631.934515918,35810.2428662936,0.249707204,97.136100769,37355668.0,23211736.0,Earth,78,2017-04-06 09:28:42,0,0.00118835,5.119,2458000.5,0.3111886921828933,1.233976567175179,12.80492879466548,54.398579779726155,500.6783310112152,0.8499770130515989,293.84979142341734,1.617976121298759,2458247.0744531346,182.7069205308997,0.7190245267313875,J2000,True,1.0,1.0
3724056,3724056,24.9,0.0278326768,0.06223575730000001,27.8326768072,62.2357573367,0.0172944182,0.0386714948,91.31455937610001,204.1855621004,2004-08-15,1092553200000,14.8460364127,53445.7310857063,33209.0988515601,0.3394706004,132.05406188959998,50784080.0,31555764.0,Earth,5,2017-04-06 08:32:49,7,0.00645601,6.864,2458000.5,0.2251090923285536,0.8562169604506201,5.3259855309421225,272.3288719676772,289.38376746386336,0.6634747376472679,202.5670802522125,1.0489591832539722,2457949.2336734715,63.77647824609498,1.244022783845175,J2000,False,0.0,0.0
3274164,3274164,24.9,0.0278326768,0.06223575730000001,27.8326768072,62.2357573367,0.0172944182,0.0386714948,91.31455937610001,204.1855621004,2005-03-22,1111478400000,14.968573210699999,53886.863558597404,33483.201415062904,0.0495263442,19.2657489777,7409036.0,4603761.5,Earth,10,2017-04-06 09:11:17,2,0.0365077,4.567,2458000.5,0.4666528977940848,1.4207734890888017,11.73849996734711,169.7851298845792,618.5655002153251,0.7577654232965001,91.3135930189728,2.083781554881104,2457833.171568783,97.38376165053188,0.5819917209651727,J2000,False,0.0,0.0
3662198,3662198,22.4,0.08801465210000001,0.1968067451,88.0146520901,196.80674508939998,0.0546897524,0.12229000400000001,288.7619911632,645.6914415591,2014-02-15,1392451200000,9.4092355066,33873.247823622594,21047.5189046281,0.3042536978,118.3546905518,45515704.0,28282148.0,Earth,13,2017-04-06 08:42:27,2,0.305843,4.327,2458000.5,0.1845590026339274,1.577495219836958,18.19707388487211,329.40398634253313,723.6865559427893,1.286354275404061,163.74400400067842,1.868636164269855,2458133.2758800713,293.95024899499464,0.4974529332398703,J2000,False,0.0,0.0
3595927,3595927,24.8,0.0291443905,0.06516883820000001,29.144390453499998,65.1688382168,0.018109478999999998,0.0404940262,95.6180819754,213.80853117520002,2012-01-15,1326614400000,10.7089577742,38552.2479872838,23954.8676452098,0.0207360832,8.066336631799999,3102074.0,1927539.375,Earth,6,2017-04-06 08:51:25,7,0.014213900000000002,5.412999999999999,2458000.5,0.3046803027609012,1.1456453830565072,12.973607849039713,117.4664029398696,447.89244897759863,0.7965898008902219,276.3048908713393,1.494700965222792,2458120.352179974,263.6670859505177,0.8037643876822881,J2000,False,0.0,0.0
3175328,3175328,21.4,0.13949382289999998,0.3119176705,139.49382293440001,311.91767052259996,0.0866774163,0.19381659489999997,457.65691403610003,1023.3519701574,2008-08-08,1218178800000,15.988117468299999,57557.2228859567,35763.8199648879,0.3622023758,140.8967285156,54184704.0,33668816.0,Earth,25,2017-04-06 09:13:10,2,0.07814639999999999,5.845,2458000.5,0.3913111970318248,1.027208608418418,17.70798528407041,153.2475230271902,380.26504203055674,0.6252503782568122,126.0857325811944,1.429166838580025,2458088.091445735,277.0764677808798,0.9467081119990822,J2000,False,0.0,0.0
3781300,3781300,21.553,0.1300034796,0.2906966177,130.0034796187,290.69661773900003,0.0807803921,0.18063044809999998,426.5206160723,953.7290913427,1997-07-22,869554800000,12.899991825999999,46439.97057363849,28855.9917156033,0.2692808862,104.75025939940001,40283848.0,25031222.0,Earth,2,2017-09-20 06:19:13,5,0.240279,5.816,2458000.5,0.3980760445356228,1.029245673947589,21.27331031091566,142.7486732491324,381.3967625745072,0.6195276272071317,21.20882237682118,1.4389637206880468,2458173.7916734074,196.430173120468,0.9438989402267742,J2000,False,0.0,0.0
2250458,2250458,18.0,0.6676594135,1.4929318344,667.6594134951999,1492.931834393,0.4148641974,0.9276645469,2190.4837101717003,4898.07047955,2003-01-22,1043222400000,31.8984817535,114834.53431265689,71353.7138344395,0.4005420137,155.8108520508,59920232.0,37232708.0,Earth,102,2017-09-27 06:52:17,0,0.0888206,5.735,2458000.5,0.4928912402118253,1.0185504123494828,35.556632931090775,337.7784743606296,375.46738699510354,0.5165158363882801,254.4065266425643,1.5205849883106852,2457959.29111677,39.511282408720994,0.9588049787256084,J2000,False,0.0,0.0
3152308,3152308,20.6,0.20162991940000002,0.4508582062,201.62991944279997,450.8582061718,0.12528698470000002,0.2801502144,661.5155049046,1479.1936371367,2003-10-08,1065596400000,26.952935645900002,97030.56832537788,60291.021746399405,0.3022611919,117.5796051025,45217632.0,28096934.0,Earth,28,2016-04-25 11:28:32,0,0.208414,4.3069999999999995,2457600.5,0.3177174602816489,1.384741474161663,55.832202412397024,21.139391042576808,595.1843136886562,0.9447849298443528,273.06025495016,1.824698018478972,2457591.911024886,5.195081539860796,0.6048546504340802,J2000,False,0.0,0.0
3613389,3613389,23.0,0.06676594129999999,0.1492931834,66.7659413495,149.2931834393,0.0414864197,0.0927664547,219.04837101720003,489.807047955,2002-10-22,1035270000000,15.366383873299998,55318.981943995896,34373.0640862568,0.289672551,112.6826248169,43334396.0,26926746.0,Earth,8,2017-04-06 08:48:22,6,0.00548085,6.36,2458000.5,0.2286203426609585,0.9398655832203742,5.455717339594915,221.06545972090692,332.8105207456754,0.7249931915292905,292.95068432386216,1.1547379749114581,2457975.939220681,26.56731083850574,1.081696573754356,J2000,False,0.0,0.0
3781897,3781897,25.664,0.0195773983,0.043776393399999995,19.5773983009,43.7763934234,0.0121648276,0.027201381400000002,64.23031144149999,143.6233425991,1998-03-08,889344000000,7.9463896059,28607.0025813457,17775.278909503402,0.0650704121,25.312391281100002,9734395.0,6048673.0,Earth,1,2017-09-27 15:42:08,6,0.0177601,6.047999999999999,2458000.5,0.1540095688212493,1.002518316473757,8.6199350439697,182.719676573434,366.63751531935895,0.8481209028182292,71.26185003829899,1.156915730129285,2457928.042239851,71.1460026964923,0.9818962461777068,J2000,False,0.0,0.0
3478254,3478254,24.0,0.042126461100000005,0.0941976306,42.1264610556,94.1976305719,0.026176161200000003,0.058531675899999996,138.21017848969998,309.0473542854,2005-05-15,1116140400000,5.994517864700001,21580.2643129277,13409.1370115522,0.45658287979999995,177.61073303220002,68303824.0,42442028.0,Earth,33,2017-04-06 08:59:02,0,0.00514136,4.6530000000000005,2458000.5,0.4267840955022945,1.400731543121683,0.4121431865261659,341.8848718549262,605.5232034913353,0.8029215984489625,155.0247334237937,1.998541487794404,2458243.185951429,215.71660671226002,0.5945271757123531,J2000,False,0.0,0.0
3532365,3532365,21.3,0.1460679643,0.32661789739999997,146.0679642714,326.6178974458,0.090762397,0.20295088960000002,479.2256199,1071.581062656,2003-08-15,1060930800000,10.6279027803,38260.4500089997,23773.5557292032,0.488293801,189.9462890625,73047712.0,45389744.0,Earth,21,2017-04-06 08:57:13,1,0.169228,5.482,2458000.5,0.3244904951452751,1.1254261832979953,12.64895595064658,124.13777170242771,436.0878122512054,0.7602360838301715,22.51255834268758,1.4906162827658183,2457887.6876387554,93.1290646219746,0.8255218097969326,J2000,False,0.0,0.0
2293726,2293726,22.6,0.0802703167,0.1794898848,80.2703167283,179.48988477990002,0.049877647000000004,0.1115298092,263.3540659348,588.8775935812,2011-07-22,1311318000000,5.7048657445,20537.5166803066,12761.2141839383,0.0339963811,13.2245922089,5085786.0,3160161.0,Earth,38,2017-04-06 09:24:11,0,0.0206457,4.319,2458000.5,0.3692685560132113,1.5788157471226618,2.008572387244131,350.5521610990256,724.5954472639381,0.995808735971757,302.1856771379752,2.161822758273567,2457937.9363191114,31.08344829505001,0.4968289565706696,J2000,False,0.0,0.03225806451612903
3725152,3725152,23.7,0.048367648799999996,0.1081533507,48.3676488219,108.1533506775,0.030054254300000003,0.06720335570000001,158.6865169607,354.8338390368,2007-01-08,1168243200000,9.091803392000001,32730.4922111869,20337.4550075567,0.4749564002,184.7580413818,71052464.0,44149956.0,Earth,25,2017-04-06 08:32:34,3,0.012789100000000001,5.228,2458000.5,0.2344278310671598,1.2075812535116108,11.12766212300658,316.2276656924995,484.69994505905237,0.9244905994135222,296.815399670071,1.4906719076097,2458158.2229749314,242.854802122145,0.7427275444731898,J2000,False,0.0,0.0
3720770,3720770,19.2,0.38419789109999997,0.8590926012000001,384.1978910643,859.0926012317999,0.2387294278,0.5338152287,1260.4918089193,2818.5453698252004,2016-06-08,1465369200000,36.3057246248,130700.6086493999,81212.2754132896,0.3072204236,119.5087432861,45959524.0,28557924.0,Earth,30,2017-04-06 08:33:22,2,0.170958,5.9670000000000005,2458000.5,0.7375442988216615,0.9449955915790312,36.876703195947655,101.5163865861878,335.5390732249886,0.2480194805983135,302.02419933726503,1.641971702559749,2457921.89610424,84.3341498257884,1.0729003824797771,J2000,False,0.0,0.0
3551475,3551475,23.7,0.048367648799999996,0.1081533507,48.3676488219,108.1533506775,0.030054254300000003,0.06720335570000001,158.6865169607,354.8338390368,2012-11-15,1352966400000,19.7340969383,71042.7489778537,44143.2014412669,0.3376953361,131.3634796143,50518504.0,31390742.0,Earth,12,2017-04-06 08:55:44,5,0.00748771,7.34,2458000.5,0.2834334494375809,0.7791518107835675,26.945627087161213,233.3716210769146,251.20689374649518,0.5583141254176436,8.286453516106201,0.9999894961494916,2457912.588699579,125.9840750373712,1.43308169067722,J2000,False,0.0,0.0
3611399,3611399,25.0,0.02658,0.0594346868,26.58,59.434686841899996,0.0165160412,0.0369309908,87.2047272,194.99569797849998,2012-10-22,1350889200000,7.3202873905,26353.0346056487,16374.7508637154,0.014874878999999999,5.7863278389,2225250.25,1382706.375,Earth,6,2017-04-06 08:48:34,7,0.00542518,5.545,2458000.5,0.2537840262614992,1.117923558572186,6.7442394664958405,30.26770663217539,431.73433576883497,0.8342124168251536,75.39888798842274,1.401634700319218,2458010.0615113946,352.02717083869203,0.8338461182590677,J2000,False,0.0,0.0
2444193,2444193,18.2,0.6089126221,1.3615700153999999,608.9126221057,1361.5700153859,0.37836064490000004,0.846040122,1997.7448871092001,4467.0933692788,1995-10-22,814345200000,18.153807376,65353.7065536472,40608.2517194037,0.24839336539999998,96.6250228882,37159120.0,23089606.0,Earth,60,2017-09-21 06:22:01,0,0.00221412,5.672999999999999,2458000.5,0.1945443757838803,1.069295734937423,24.8308415698602,39.13339239024656,403.8733332440123,0.8612702636556564,78.20976413384204,1.277321206219189,2458150.9789086673,225.8678286950511,0.8913685811053415,J2000,True,1.0,1.0
2162004,2162004,18.2,0.6089126221,1.3615700153999999,608.9126221057,1361.5700153859,0.37836064490000004,0.846040122,1997.7448871092001,4467.0933692788,2008-12-22,1229932800000,15.912465597799999,57284.8761519558,35594.594295641604,0.45865771450000004,178.4178466797,68614216.0,42634900.0,Earth,165,2017-04-06 09:26:41,0,0.0578928,6.455,2455233.5,0.6645118766417184,0.8907955120131161,7.220327144353878,61.968583365105665,307.0898465041557,0.2988513146212599,193.5473642284032,1.482739709404972,2455249.1359459646,341.67005320664435,1.1722953529664428,J2000,False,0.0,0.0
3732675,3732675,20.1,0.2538370294,0.5675968529,253.8370293645,567.5968528656,0.1577269688,0.35268822409999995,832.7986794202001,1862.1944587557,2015-12-08,1449561600000,12.1173356604,43622.4083773928,27105.2681387195,0.2230611268,86.7707824707,33369470.0,20734828.0,Earth,67,2017-09-01 06:20:23,1,0.0460757,4.294,2458000.5,0.3688775061788756,1.555764954715105,20.954252638390923,239.1489082602594,708.7848128447583,0.9818782580193056,216.72307245066793,2.129651651410904,2458101.631083517,308.6343536060464,0.5079115600052354,J2000,True,1.0,1.0
3455137,3455137,20.0,0.2658,0.5943468684000001,265.8,594.3468684194,0.1651604118,0.36930990799999996,872.047272,1949.9569797851998,1999-02-15,919065600000,11.0270742104,39697.4671573259,24666.4623011729,0.2634048646,102.4645004272,39404808.0,24485014.0,Earth,28,2017-04-06 09:00:54,2,0.0331774,6.962000000000001,2458000.5,0.2820310927535006,0.8372024786502689,13.899655028651189,57.80375669977673,279.7977289150466,0.6010853487405943,315.16385985801134,1.073319608559943,2457864.450722516,175.0469529693104,1.2866437529566392,J2000,True,1.0,1.0
3761480,3761480,21.6,0.1272198785,0.2844722965,127.2198785394,284.4722965033,0.0790507431,0.17676283539999998,417.3880663071,933.3080892598,2013-01-08,1357632000000,20.6009926385,74163.5734985618,46082.360433036905,0.41457120350000004,161.2681884766,62018968.0,38536800.0,Earth,21,2017-09-15 06:22:49,6,0.0215439,2.927,2458000.5,0.7947465685872241,2.491291904844728,3.815056072868748,32.515458380841864,1436.2675621398498,0.5113462121202511,114.33735882875798,4.471237597569204,2457754.407213728,61.68307729933797,0.2506496766268587,J2000,True,1.0,1.0
3736499,3736499,19.6,0.3195618867,0.7145621017,319.5618867213,714.5621017269,0.1985664891,0.4440081677,1048.4314204307,2344.3639258298003,2005-12-22,1135238400000,7.7900125787,28044.0452832248,17425.4791372349,0.3722982796,144.8240203857,55695028.0,34607288.0,Earth,38,2017-04-06 08:29:57,0,0.357591,3.906,2458000.5,0.3327688927001275,1.8382697616097208,16.37351846052427,125.25440432056558,910.3581654116583,1.226550768554726,287.2220376002417,2.449988754664715,2458229.550662995,269.42220127081504,0.3954487515770347,J2000,False,0.0,0.0
3610527,3610527,20.3,0.2315021222,0.5176544822,231.5021222103,517.6544821978,0.14384870519999998,0.3216554833,759.5214226325,1698.3415313737,1996-07-08,836809200000,11.286877052100001,40632.7573874797,25247.615277792596,0.2266303565,88.1592102051,33903420.0,21066608.0,Earth,22,2017-04-06 08:48:37,2,0.037887199999999996,4.485,2458000.5,0.4646533926283983,1.4676821063691619,2.341078942149851,271.829628152037,649.451054128627,0.7857186363447372,3.2739592791163163,2.149645576393587,2458061.4055839987,326.23916444501583,0.5543142900630356,J2000,True,1.0,1.0
3607823,3607823,24.4,0.0350392641,0.0783501764,35.0392641108,78.35017643340001,0.021772382599999997,0.0486845275,114.9582192654,257.05439284970004,1997-08-08,871023600000,16.7358395539,60249.0223940533,37436.399498127204,0.0991638234,38.5747261047,14834697.0,9217853.0,Earth,8,2017-04-06 08:49:13,7,0.0731904,7.351,2458000.5,0.541047706399183,0.7736377908298284,15.33765952633955,329.75845592570283,248.5449486097718,0.3550628385176189,194.227591588999,1.1922127431420382,2458055.649654483,280.1195770629041,1.4484301612792718,J2000,False,0.0,0.0
3267783,3267783,20.3,0.2315021222,0.5176544822,231.5021222103,517.6544821978,0.14384870519999998,0.3216554833,759.5214226325,1698.3415313737,2013-01-08,1357632000000,13.579073366900001,48884.6641209476,30375.029214485498,0.100240704,38.993637085,14995797.0,9317956.0,Earth,24,2017-04-06 09:11:26,0,0.0295168,3.6860000000000004,2458000.5,0.5688296152798862,1.9332304136070682,7.326885082429298,157.2725971733727,981.801870434672,0.8335517011875843,252.1689280334976,3.032909126026551,2458224.5334760533,277.8530273695619,0.3666727583647988,J2000,True,1.0,1.0
2003362,2003362,18.3,0.5815070396,1.30028927,581.5070396458,1300.2892700427,0.3613316107,0.807962044,1907.8315559515,4266.0410487267,2004-12-15,1103097600000,21.8125551219,78525.198438763,48792.504552130194,0.2674364783,104.0327911377,40007928.0,24859774.0,Earth,23,2017-04-06 09:30:43,1,0.013394999999999999,6.017,2458000.5,0.4685677328906181,0.9895267061027035,9.91682854015037,152.44780652159892,359.5337847595645,0.5258664207894388,55.048204449434316,1.4531869914159692,2458083.8599596913,276.53194564450365,1.001296721643968,J2000,True,1.0,1.0
3467220,3467220,22.3,0.0921626549,0.2060819612,92.1626548503,206.08196123209999,0.057267201,0.1280533543,302.37092453900004,676.1219416887001,2009-09-22,1253602800000,21.6095651267,77794.4344562374,48338.436231988206,0.055145978,21.4517860413,8249721.0,5126139.0,Earth,8,2017-04-06 09:00:00,9,0.025199,3.86,2455094.5,0.5069694442449477,1.7235456695683602,32.09579987978661,1.072858722662551,826.4805171005604,0.8497606793365022,61.84023821319862,2.5973306598002184,2455141.5693221726,339.4974525939427,0.4355819557162019,J2000,False,0.0,0.0
2219071,2219071,17.1,1.0105434154000001,2.2596437711000004,1010.5434154200999,2259.643771094,0.6279223726,1.4040771097,3315.4312590467,7413.5296699561995,1999-08-15,934700400000,16.0466917436,57768.09027682,35894.8447611718,0.42781036969999997,166.4182281494,63999520.0,39767460.0,Earth,137,2017-04-06 09:25:16,0,0.247932,5.754,2458000.5,0.2820780457056503,1.052734156895495,20.01852039711881,212.21780842762558,394.5267893493367,0.7557809632708281,357.3731755248547,1.3496873505201608,2458038.844291658,325.0113873893942,0.9124855642723804,J2000,False,0.0,0.0
3412892,3412892,25.1,0.0253837029,0.0567596853,25.3837029364,56.759685286599996,0.0157726969,0.035268822400000004,83.279867942,186.2194458756,2008-06-08,1212908400000,13.4602390626,48456.8606254288,30109.2087591727,0.0285764083,11.1162223816,4274970.0,2656343.0,Earth,8,2017-04-06 09:03:22,8,0.018452,4.7410000000000005,2454616.5,0.4391876444779502,1.353657467424559,11.802397606371848,72.19153352711909,575.2565892107024,0.7591478328763794,265.6675323057217,1.9481671019727391,2454682.348707808,318.7913719625093,0.6258076947783398,J2000,False,0.0,0.0
3672464,3672464,24.4,0.0350392641,0.0783501764,35.0392641108,78.35017643340001,0.021772382599999997,0.0486845275,114.9582192654,257.05439284970004,2015-09-15,1442300400000,10.1543799597,36555.7678550777,22714.3325319509,0.22737630120000002,88.44937896729999,34015012.0,21135948.0,Earth,8,2017-04-06 08:40:23,5,0.0160037,6.4910000000000005,2458000.5,0.3761644745733882,0.9068521892397418,13.316227455531552,233.9190160095591,315.4301376893373,0.5657266119586475,228.01795515411857,1.2479777665208358,2457973.2382127326,31.113841841605808,1.1412986807067842,J2000,False,0.0,0.0
3359284,3359284,23.4,0.0555334912,0.1241766613,55.533491158100006,124.1766612574,0.0345069009,0.0771597762,182.1964991311,407.4037573197,2006-06-15,1150354800000,6.147833299,22132.199876312003,13752.088306478401,0.41654659060000004,162.0366210938,62314484.0,38720424.0,Earth,12,2017-04-06 09:07:33,7,0.023171900000000002,4.789,2458000.5,0.3395314859556458,1.356348443574557,7.432885871328543,221.15575616700332,576.9727960880026,0.8958254410540606,141.1811101137319,1.816871446095054,2458054.019154314,326.6069255195728,0.6239462283852479,J2000,False,0.0,0.0
3704141,3704141,21.2,0.15295193529999998,0.3420109247,152.9519353442,342.0109247198,0.095039897,0.21251567030000001,501.81082755470004,1122.0831222578,2015-07-15,1436943600000,7.1274921591,25658.971772787,15943.4872107076,0.238082422,92.6140594482,35616624.0,22131144.0,Earth,24,2017-04-06 08:36:22,4,0.020268099999999997,5.516,2458000.5,0.1095297345103756,1.1270390334970601,13.59262441132455,143.67948716542531,437.02558532251646,1.0035947473752969,13.038003554688881,1.250483319618823,2457942.5919642434,47.70176752225119,0.8237503983532839,J2000,True,1.0,1.0
3409432,3409432,19.7,0.3051792326,0.6824015094,305.1792325939,682.4015094011,0.18962952489999998,0.4240245083,1001.2442334633,2238.8501681036,1998-04-08,892018800000,19.8938604853,71617.8977472384,44500.576519666,0.3687227852,143.4331665039,55160144.0,34274924.0,Earth,32,2017-04-06 09:03:41,0,0.317019,3.739,2458000.5,0.3262632764503872,1.838009840076851,36.11801243866999,203.58875202046383,910.1650925583452,1.238334727505326,315.0836904537169,2.437684952648377,2458157.811789721,297.7780528361341,0.3955326379174695,J2000,False,0.0,0.0
3363431,3363431,27.1,0.010105434200000001,0.0225964377,10.1054341542,22.596437710900002,0.0062792237,0.014040771100000002,33.154312590500005,74.1352966996,2006-12-22,1166774400000,9.4406504929,33986.3417744215,21117.7910875565,0.0123018559,4.7854218482999995,1840331.375,1143529.0,Earth,11,2017-04-06 09:07:22,7,0.00243295,4.082,2458000.5,0.4644507010070513,1.6941386422597668,0.3037944976374576,120.3926394799032,805.4189614633997,0.9072947622590842,12.69654788235237,2.48098252226045,2458151.3745213733,292.5632617392974,0.4469723426251362,J2000,False,0.0,0.0
3012392,3012392,25.5,0.021113244500000003,0.047210649900000005,21.113244479000002,47.2106498806,0.0131191578,0.0293353287,69.26917701640001,154.8905885541,2009-05-08,1241766000000,15.0156229488,54056.2426156703,33588.446974164704,0.360548341,140.2533111572,53937264.0,33515062.0,Earth,27,2017-04-06 09:17:47,3,0.00242328,5.1739999999999995,2458000.5,0.2017730861390178,1.232880414019271,1.4810355575150043,84.36621108811794,500.01134318263166,0.9841183280422529,209.37242215977668,1.4816424999962898,2458001.1161193503,359.55640413156334,0.7199836661875652,J2000,False,0.0,0.0
2137064,2137064,18.9,0.44111819999999996,0.9863702812999999,441.11819999690005,986.3702813053999,0.2740980571,0.6129018881,1447.2382352778,3236.1230737181,2006-11-08,1162972800000,10.40999977,37475.9991719579,23286.128485486803,0.35984059329999996,139.9779968262,53831388.0,33449274.0,Earth,54,2017-04-06 09:27:57,0,0.246858,4.737,2458000.5,0.195148860886425,1.374143602162789,19.50334559213595,36.14355837191858,588.3646980839436,1.105981043506352,97.558357991641,1.642306160819226,2458281.681579693,187.95472090797267,0.6118653977241814,J2000,False,0.0,0.0
3735613,3735613,24.7,0.0305179233,0.0682401509,30.5179232594,68.24015094010001,0.0189629525,0.0424024508,100.12442334629999,223.8850168104,2013-12-22,1387699200000,13.337542740999998,48015.1538676101,29834.7493573492,0.256361306,99.7245483398,38351104.0,23830272.0,Earth,23,2017-08-10 06:19:29,5,0.0108722,4.331,2458000.5,0.3695341299100915,1.5718878300393793,2.389826095127953,245.70356115319507,719.8313452244388,0.9910216284495152,158.244462978682,2.152754031629243,2458056.0026943916,332.2421507291837,0.5001171488131769,J2000,False,0.0,0.0
3432678,3432678,32.1,0.0010105434,0.0022596438000000003,1.0105434154000001,2.2596437711000004,0.0006279224,0.0014040771,3.315431259,7.41352967,2008-10-22,1224658800000,18.1358141206,65288.930834326,40568.0026064733,0.0005718008,0.2224305123,85540.1796875,53152.20703125,Earth,12,2017-04-06 09:02:30,9,1.16032e-05,3.2030000000000003,2454761.5,0.6823832883945092,2.335502326933729,5.283451804728175,208.9416504765725,1303.673637248525,0.7417945690276627,111.87383267613741,3.9292100848397946,2454719.6490450045,11.556837054868929,0.2761427321333272,J2000,False,0.0,0.0
3307228,3307228,21.2,0.15295193529999998,0.3420109247,152.9519353442,342.0109247198,0.095039897,0.21251567030000001,501.81082755470004,1122.0831222578,2005-12-15,1134633600000,9.7750803318,35190.2891943068,21865.8771940958,0.0709370153,27.594499588,10612027.0,6594007.5,Earth,26,2017-04-06 09:09:38,0,0.027800799999999997,6.9270000000000005,2458000.5,0.2662892490503571,0.8410412387622234,17.219518497489492,84.81940399453119,281.7243356844349,0.6170809988718489,149.93715289362308,1.0650014786525979,2458052.316455126,293.7866081036588,1.277844880263532,J2000,True,1.0,1.0
2163243,2163243,16.5,1.332155667,2.978790628,1332.1556669813,2978.7906279817,0.8277628989,1.8509341113,4370.589598458901,9772.9354439076,2006-02-15,1139990400000,23.5046311082,84616.6719896003,52577.5093259825,0.37980060460000004,147.7424468994,56817364.0,35304672.0,Earth,117,2017-04-06 09:26:17,1,0.00283189,7.406000000000001,2458000.5,0.6017465083085981,0.7615579948339024,20.27762946655788,203.60505570058467,242.7464567417772,0.3032931305681043,148.3029829759607,1.219822859099701,2458099.183616924,213.6493485037173,1.483028855835997,J2000,True,1.0,1.0
3770280,3770280,30.8,0.0018388867,0.0041118757,1.8388867207,4.1118757104000005,0.0011426309,0.0025550003,6.0330931087,13.490406305699999,2007-08-22,1187766000000,31.852165240300003,114667.7948649083,71250.1084259204,0.4889197114,190.1897583008,73141344.0,45447928.0,Earth,2,2017-04-06 08:19:47,6,0.00011886600000000001,3.964,2458000.5,0.6003001023417441,1.70687396963693,1.3723794551523671,161.84998229296968,814.5178567928164,0.6822373509794217,80.37433943854784,2.731510588294438,2457862.7787840585,60.8699211754024,0.4419792604885406,J2000,False,0.0,0.0
2162433,2162433,19.2,0.38419789109999997,0.8590926012000001,384.1978910643,859.0926012317999,0.2387294278,0.5338152287,1260.4918089193,2818.5453698252004,2000-05-15,958374000000,12.315799266600001,44336.877359845304,27549.2113795106,0.23155605489999997,90.0753097534,34640292.0,21524480.0,Earth,38,2017-04-06 09:26:30,0,0.06592719999999999,4.698,2458000.5,0.4814343543625919,1.3590311694412682,13.942348454111581,41.69124016227254,578.6854367212633,0.7047468758226727,246.97198275947682,2.013315463059862,2458082.2266611517,309.1578737815115,0.6220996367900684,J2000,False,0.0,0.0
3680249,3680249,20.9,0.1756123185,0.3926810818,175.6123184804,392.6810818086,0.1091204019,0.24400063649999998,576.1559189633,1288.3238004408,1999-02-15,919065600000,29.213254857600003,105167.71748718321,65347.12979085559,0.28732474809999997,111.7693328857,42983172.0,26708504.0,Earth,11,2017-04-06 08:39:21,4,0.0941743,4.692,2458000.5,0.3278255658778034,1.286458639243911,46.41187820668871,130.54236242842052,532.9569974102903,0.8647246078553871,333.0928354657479,1.708192670632435,2458134.4688596884,269.50716526439857,0.6754766364815329,J2000,False,0.0,0.0
3698476,3698476,24.8,0.0291443905,0.06516883820000001,29.144390453499998,65.1688382168,0.018109478999999998,0.0404940262,95.6180819754,213.80853117520002,2014-12-08,1418025600000,7.569446439199999,27250.007181125,16932.0947398496,0.0527066379,20.5028820038,7884800.5,4899388.0,Earth,5,2017-04-06 08:37:17,8,0.040054400000000004,3.217,2456986.5,0.5889386444977948,2.474753930547253,1.2492824525451491,1.182943120820345,1421.9897336133,1.017275705225164,89.62937275979601,3.9322321558693423,2457011.1613703095,353.756570035867,0.2531663847426198,J2000,False,0.0,0.0
3617157,3617157,20.7,0.1925550782,0.4305662442,192.55507818790002,430.566244241,0.1196481415,0.26754137780000004,631.7424027221,1412.6189567557,2000-07-22,964249200000,13.8559990103,49881.5964369713,30994.4841860725,0.3338057901,129.8504486084,49936636.0,31029188.0,Earth,23,2017-04-06 08:48:04,2,0.150696,5.722,2458000.5,0.5368817156753035,1.040160950836738,17.46286399925969,48.27373593708926,387.4799592685064,0.4817175549730549,149.8829951829548,1.5986043467004198,2457897.934949731,95.29116852041635,0.9290803082554678,J2000,False,0.0,0.0
3744560,3744560,28.5,0.0053034072,0.0118587791,5.3034072332,11.858779085799998,0.0032953834999999996,0.0073687014,17.3996305869,38.9067567758,2016-02-15,1455523200000,9.4457573841,34004.7265826347,21129.2146924154,0.0008277949000000001,0.3220122159,123836.3515625,76948.34375,Earth,3,2017-04-06 08:28:08,5,0.00100317,6.617999999999999,2458000.5,0.3249321174923065,0.8916551878557273,2.882295691487752,146.52476136320482,307.5344963747085,0.6019277795927654,232.7766581382644,1.181382596118689,2457970.160876647,35.51498949155759,1.1706003854649398,J2000,False,0.0,0.0
2380636,2380636,19.7,0.3051792326,0.6824015094,305.1792325939,682.4015094011,0.18962952489999998,0.4240245083,1001.2442334633,2238.8501681036,2012-07-22,1342940400000,9.252223577,33308.0048771021,20696.2989193305,0.2525885148,98.2569274902,37786704.0,23479570.0,Earth,53,2017-04-06 09:22:17,0,0.00246818,6.388,2458000.5,0.2665004853853253,0.9313107459315226,10.74352182808443,120.86964607263509,328.276918434076,0.6831159800962024,115.7031672720138,1.1795055117668432,2458060.4393327357,294.2684222588165,1.0966351265792529,J2000,True,1.0,1.0
2243147,2243147,17.3,0.9216265484999999,2.0608196123,921.6265485028,2060.8196123208,0.5726720101,1.2805335433,3023.70924539,6761.219416886701,2013-07-15,1373871600000,4.5520803126,16387.489125293898,10182.548451213901,0.2544011907,98.962059021,38057876.0,23648066.0,Earth,125,2017-04-06 09:24:58,0,0.237887,3.591,2458000.5,0.4148123045179745,2.138128286869699,7.3526634840617335,284.1357692538773,1141.955197761819,1.25120636483821,16.01615176343327,3.0250502089011873,2457645.42580223,111.93671297071,0.3152487949663734,J2000,False,0.0,0.0
3723829,3723829,23.4,0.0555334912,0.1241766613,55.533491158100006,124.1766612574,0.0345069009,0.0771597762,182.1964991311,407.4037573197,2005-12-22,1135238400000,18.780169140599998,67608.6089059944,42009.3603505052,0.3985094576,155.0201721191,59616164.0,37043768.0,Earth,10,2017-04-06 08:32:54,6,0.030558099999999998,5.641,2458000.5,0.1813516565741239,1.0906770563582329,14.80055727225129,281.6352286954482,416.0472855887982,0.8928809654002785,258.79507196318906,1.288473147316188,2457943.8670129515,49.00374559267771,0.8652862606482842,J2000,False,0.0,0.0
2382406,2382406,20.5,0.2111324448,0.47210649880000005,211.1324447897,472.10649880550005,0.1311915784,0.2933532873,692.6917701639,1548.9058855411,2010-12-22,1293004800000,16.3935501272,59016.7804579304,36670.7322795402,0.4634408411,180.27848815919998,69329760.0,43079516.0,Earth,28,2017-04-06 09:22:13,0,0.00471821,4.598,2458000.5,0.7813932218280256,1.3097619656148018,2.536137197765501,90.98654568088678,547.5036123881862,0.2863228434752441,238.26621838972568,2.3332010877543596,2458225.411735141,212.1138074364418,0.6575299082132009,J2000,True,1.0,1.0
3596144,3596144,19.0,0.42126461060000003,0.9419763056999999,421.2646105562,941.9763057186,0.2617616123,0.5853167590999999,1382.1017848970998,3090.4735428537,1998-07-15,900486000000,15.524326267100001,55887.5745616928,34726.3654269585,0.15443142769999998,60.0738258362,23102614.0,14355299.0,Earth,53,2017-04-06 08:51:18,0,0.048679400000000005,3.6069999999999998,2458000.5,0.6004890252454106,1.9752509103767681,9.10612749164124,182.3297532071272,1013.9857059032471,0.7891344165895127,43.255403566565036,3.161367404164023,2458066.83544905,336.4486210020508,0.3550345906299697,J2000,True,1.0,1.0
3371668,3371668,18.7,0.4836764882,1.0815335068,483.67648821849997,1081.533506775,0.3005425432,0.6720335566,1586.8651696069,3548.3383903678005,2007-07-08,1183878000000,13.5985504252,48954.7815306516,30418.597446087402,0.1715628554,66.7379455566,25665438.0,15947763.0,Earth,32,2016-10-09 07:23:33,0,0.066691,3.6039999999999996,2457600.5,0.5475849193051526,2.0189295229651143,9.846668068525425,44.76280511943067,1047.8042727232091,0.9133941630494716,193.18605241,3.124464882880756,2457402.6052807877,67.99180034941104,0.3435756174808983,J2000,False,0.0,0.0
3602022,3602022,20.7,0.1925550782,0.4305662442,192.55507818790002,430.566244241,0.1196481415,0.26754137780000004,631.7424027221,1412.6189567557,2012-04-15,1334473200000,5.9859745876999995,21549.5085158698,13390.026555319198,0.1658156848,64.50229644779999,24805674.0,15413531.0,Earth,20,2017-04-06 08:50:16,5,0.146921,3.48,2458000.5,0.4845267424259161,2.215547428104919,7.804510617571244,223.0825526505687,1204.5366092079241,1.142055450075126,337.79681749,3.289039406134713,2458432.5067836763,230.8860810583611,0.298870119220974,J2000,False,0.0,0.0
3690050,3690050,20.9,0.1756123185,0.3926810818,175.6123184804,392.6810818086,0.1091204019,0.24400063649999998,576.1559189633,1288.3238004408,2014-11-15,1416038400000,3.0431044881,10955.176157060601,6807.120429369201,0.2636309157,102.5524291992,39438624.0,24506026.0,Earth,42,2017-04-06 08:38:34,4,0.238887,3.9010000000000002,2458000.5,0.3522930496797554,1.867234325166099,6.328351726892666,201.9157563269553,931.9586860743277,1.209420650286614,227.96496105495066,2.525048000045584,2457934.0489930925,25.668908766116573,0.3862832176782657,J2000,False,0.0,0.0
3579081,3579081,20.1,0.2538370294,0.5675968529,253.8370293645,567.5968528656,0.1577269688,0.35268822409999995,832.7986794202001,1862.1944587557,1996-12-08,850032000000,6.275831772899999,22592.9943823069,14038.4080927173,0.14237373820000002,55.3833847046,21298808.0,13234466.0,Earth,84,2017-04-06 08:52:42,0,0.108953,3.292,2458000.5,0.5492398315651376,2.408200061933614,5.841503075896216,227.40179213531368,1365.0145219194592,1.085520665542042,206.8436531521558,3.7308794583251856,2458631.8068227144,193.5032686263715,0.2637334579369708,J2000,False,0.0,0.0
3748270,3748270,21.3,0.1460679643,0.32661789739999997,146.0679642714,326.6178974458,0.090762397,0.20295088960000002,479.2256199,1071.581062656,1999-04-15,924159600000,25.4807017604,91730.5263375023,56997.7817678775,0.2152499155,83.73221588130001,32200928.0,20008730.0,Earth,37,2017-08-10 06:19:44,3,0.00531978,2.9330000000000003,2458000.5,0.6888743640988214,2.626090217209608,22.456258779893798,35.96952498460232,1554.400365241557,0.8170439887632035,238.3267580414721,4.4351364456560125,2457542.823590552,105.99811418321569,0.2316005631818384,J2000,True,1.0,1.0
3745113,3745113,26.1,0.0160160338,0.0358129403,16.0160337979,35.8129403019,0.0099518989,0.0222531225,52.5460443254,117.49652706020001,1996-12-22,851241600000,16.3514809977,58865.33159173981,36576.627843767405,0.4109745829,159.8691101074,61480924.0,38202476.0,Earth,8,2017-04-06 08:27:48,6,0.029105000000000002,6.697,2458000.5,0.2297953176533559,0.8779817977579761,15.572641361406168,166.6009517990764,300.4876970300288,0.6762256916483175,145.581248333875,1.079737903867635,2457861.597286773,166.4127258977795,1.198052378044696,J2000,False,0.0,0.0
3601408,3601408,18.8,0.4619074603,1.0328564805,461.90746028160004,1032.8564805039,0.28701590050000003,0.6417870641,1515.4444719901999,3388.6368554964,1995-04-08,797324400000,21.5347344882,77525.044157425,48171.0475765955,0.4674758318,181.8480987549,69933392.0,43454592.0,Earth,36,2017-04-06 08:50:28,1,0.26445100000000005,3.214,2458000.5,0.4445997797497422,2.250574629195569,40.074906324106024,190.80232271403716,1233.214308376651,1.2499696447448607,16.17455002900164,3.2511796136462765,2458488.2635855256,217.6120228280012,0.2919200641402612,J2000,False,0.0,0.0
3373174,3373174,21.1,0.160160338,0.35812940299999996,160.1603379786,358.1294030194,0.0995189894,0.22253122530000002,525.4604432536,1174.9652706022,2010-04-15,1271314800000,10.717520716100001,38583.07457782,23974.022089757098,0.4374145733,170.1542816162,65436292.0,40660228.0,Earth,15,2017-04-06 09:06:37,1,0.12718,4.876,2458000.5,0.3783893097966663,1.300605021294187,18.881462091824602,58.988861387512515,541.7720130610289,0.8084699849686011,32.971924603400325,1.7927400576197732,2457895.4446699005,69.80781200275335,0.6644861515935248,J2000,False,0.0,0.0
3465534,3465534,23.2,0.0608912622,0.1361570015,60.891262210600004,136.1570015386,0.0378360645,0.08460401220000001,199.7744887109,446.7093369279,2003-07-22,1058857200000,12.7122097378,45763.95505608321,28435.941962486802,0.07924878240000001,30.8277778625,11855450.0,7366635.0,Earth,9,2017-04-06 09:00:19,7,0.038182,6.041,2458000.5,0.34267812941381,0.9958733282810076,7.0914898203259575,134.3475514410248,362.9982895067052,0.6546093190125667,48.26353419735084,1.337137337549448,2457856.3709884365,142.93853624876618,0.9917402103718458,J2000,False,0.0,0.0
3669253,3669253,18.9,0.44111819999999996,0.9863702812999999,441.11819999690005,986.3702813053999,0.2740980571,0.6129018881,1447.2382352778,3236.1230737181,2003-06-08,1055055600000,13.560003135499999,48816.0112879768,30332.3710139098,0.0447097177,17.392080307,6688478.5,4156027.75,Earth,46,2017-09-18 06:53:52,1,0.00780919,6.815,2458000.5,0.2591852622152756,0.8508260810584923,26.370524727662076,257.563390477906,286.6550638939651,0.6303045001397517,144.5011455144463,1.0713476619772329,2458062.6352084563,281.9665798316067,1.255864784349895,J2000,True,1.0,1.0
3763275,3763275,25.9,0.0175612318,0.0392681082,17.561231848,39.2681081809,0.0109120402,0.024400063599999997,57.6155918963,128.8323800441,1996-11-08,847440000000,12.9101146802,46476.4128486746,28878.6355281112,0.1046275661,40.7001228333,15652061.0,9725740.0,Earth,7,2017-04-06 08:22:30,6,0.00794797,5.871,2458000.5,0.3248996908406564,1.0345551267078208,4.181620160743996,44.147617184695385,384.3517675586699,0.6984284858828337,107.89319660029871,1.3706817675328078,2458157.7595340796,212.70411886449088,0.9366419784840648,J2000,False,0.0,0.0
3328630,3328630,24.3,0.0366906138,0.0820427065,36.6906137531,82.0427064882,0.0227984834,0.050978958600000006,120.3760332259,269.1689931548,2006-04-15,1145084400000,6.6830432299,24058.955627500498,14949.2994008767,0.0479645752,18.658220291099997,7175398.5,4458586.0,Earth,13,2017-04-06 09:14:58,7,0.0444187,3.574,2458000.5,0.5060680989077488,2.097046422741764,3.481688162528422,180.75724201765098,1109.201616494129,1.035798126263544,32.10309463820536,3.1582947192199837,2458285.188636762,267.60209171133357,0.3245577671783942,J2000,False,0.0,0.0
3621024,3621024,27.6,0.008027031700000001,0.017948988500000002,8.0270316728,17.948988478,0.004987764699999999,0.011152980900000001,26.3354065935,58.887759358100006,2012-12-15,1355558400000,8.836703655,31812.1331579848,19766.8224058601,0.0031313707,1.2181031704,468446.40625,291079.09375,Earth,6,2017-04-06 08:47:34,7,0.00312187,5.222,2458000.5,0.3079951836561819,1.207304837962411,5.6365150893629075,262.4226014278852,484.5335327361991,0.8354607626651813,250.7392970922153,1.579148913259641,2457784.3677103287,160.582537687959,0.7429826331462583,J2000,False,0.0,0.0
3775156,3775156,20.151,0.2479447841,0.5544213918,247.94478406349998,554.4213918325,0.1540656984,0.3445013747,813.4671653469001,1818.9678791798,2009-06-08,1244444400000,19.5576442623,70407.5193442742,43748.494450335296,0.33724062979999997,131.1866149902,50450480.0,31348476.0,Earth,8,2017-07-02 06:21:54,6,0.144879,5.4,2458000.5,0.23996013629829102,1.099207080220104,41.70743526929814,79.31492855215612,420.9375825063513,0.8354411994304412,11.297433771607949,1.3629729610097658,2458173.2451844644,212.26249925954332,0.8552336853755941,J2000,False,0.0,0.0
2090403,2090403,17.6,0.8027031673,1.7948988478,802.7031672828999,1794.8988477988,0.49877646979999996,1.115298092,2633.5406593483,5888.7759358124,2008-01-15,1200384000000,11.3076062147,40707.3823728685,25293.9843416304,0.40128118329999996,156.0983734131,60030812.0,37301416.0,Earth,154,2017-04-06 09:28:19,0,0.036409500000000004,5.099,2458000.5,0.2801509894021531,1.2344901191165372,19.00452568992117,286.27295945872817,500.99091929628736,0.8886464908388575,306.8240757444374,1.5803337473942167,2458122.1247404977,272.6033928107754,0.7185758985525544,J2000,True,1.0,1.0
3013651,3013651,24.0,0.042126461100000005,0.0941976306,42.1264610556,94.1976305719,0.026176161200000003,0.058531675899999996,138.21017848969998,309.0473542854,1998-01-15,884851200000,11.4781750025,41321.4300091048,25675.5296631573,0.30366837739999997,118.1269989014,45428144.0,28227740.0,Earth,11,2017-04-06 09:17:47,8,0.015109000000000001,5.2010000000000005,2450990.5,0.1850053451076242,1.204752933196283,21.17362819798664,269.5625544280346,482.9980922650655,0.981867201020882,313.4695274377087,1.4276386653716842,2450941.8918763525,36.229800475524065,0.7453445588402757,J2000,False,0.0,0.0
3616699,3616699,24.2,0.038419789100000004,0.0859092601,38.419789106399996,85.9092601232,0.023872942799999998,0.0533815229,126.04918089190001,281.8545369825,2003-01-22,1043222400000,5.2395818336,18862.4946011151,11720.4206036762,0.3956710981,153.9160614014,59191556.0,36779928.0,Earth,8,2017-04-06 08:48:11,5,0.11532200000000001,5.045,2458000.5,0.1414917980391747,1.277117037310137,8.430289164510851,224.31978863496482,527.1624585991442,1.096415451394662,147.32250946021682,1.4578186232256118,2457787.4237476154,145.5100787381508,0.6829014360329194,J2000,False,0.0,0.0
2002340,2002340,20.2,0.2424124811,0.5420507863,242.41248110080002,542.0507863358,0.1506280858,0.33681463920000004,795.3165644948,1778.3819018419001,2007-10-22,1193036400000,15.069399215,54249.83717408821,33708.7391040883,0.0599836679,23.3336467743,8973429.0,5575830.0,Earth,60,2014-10-24 19:08:05,0,0.00687373,6.882000000000001,2453228.5,0.4498841655895494,0.8438292455376517,5.854591233229053,211.54213707501617,283.1263476642372,0.4642038295088863,39.92629416655726,1.223454661566417,2453195.3864602195,42.10443294792183,1.271517126434761,J2000,True,1.0,1.0
3714121,3714121,23.1,0.06376097900000001,0.1425738833,63.7609789875,142.57388332809998,0.0396192233,0.08859127650000001,209.18957030150003,467.7620993781,2000-04-15,955782000000,16.5166583079,59459.9699083183,36946.1129688659,0.45245419229999995,176.00466918950002,67686184.0,42058244.0,Earth,13,2017-04-06 08:34:52,6,0.156829,5.337999999999999,2458000.5,0.0583533889101139,1.1643497101579032,23.091032043207697,11.901060251470831,458.9058415312469,1.096405958693681,267.900016431141,1.232293461622126,2458133.985469518,255.2840328502903,0.784474651267841,J2000,False,0.0,0.0
2153953,2153953,16.8,1.1602590820999998,2.5944181791,1160.2590820944001,2594.4181790745,0.7209513461,1.6120962183,3806.6244068984997,8511.8709386348,2016-02-08,1454918400000,30.7527709838,110709.9755416206,68790.8734136253,0.4150618597,161.45906066889998,62092372.0,38582412.0,Earth,69,2017-04-06 09:27:02,0,0.40988800000000003,3.522,2458000.5,0.808881721695495,1.7738361017697701,31.03422201236963,2.601676511879581,862.9162773238197,0.3390125017646132,9.761881055151946,3.208659701774927,2458246.0737192286,257.5491119527906,0.4171899516329388,J2000,False,0.0,0.0
3648206,3648206,23.3,0.058150704000000004,0.130028927,58.1507039646,130.02892700430002,0.0361331611,0.0807962044,190.78315559509997,426.60410487269996,2002-09-08,1031468400000,14.770330488299999,53173.1897577684,33039.752269208904,0.1599194032,62.208644866899995,23923602.0,14865437.0,Earth,8,2017-04-06 08:44:40,7,0.000251959,8.023,2458000.5,0.7017114720512287,0.6931849015449153,6.472294291414179,359.3698629833938,210.80070978519868,0.2067691038781467,157.60832735227052,1.179600699211684,2458094.976502282,198.65547295219469,1.7077741358975134,J2000,False,0.0,0.0
2163364,2163364,18.8,0.4619074603,1.0328564805,461.90746028160004,1032.8564805039,0.28701590050000003,0.6417870641,1515.4444719901999,3388.6368554964,2001-12-22,1009008000000,22.218148479899998,79985.3345276936,49699.7763347216,0.43335597579999996,168.5754852295,64829132.0,40282956.0,Earth,97,2017-04-06 09:26:15,0,0.026490899999999998,4.76,2458000.5,0.3690662035616815,1.3656684765527591,4.188515649583878,259.9748990491643,582.9299296217682,0.8616463965875669,275.2561275910415,1.869690556517951,2458133.473436549,277.8796031478131,0.6175699371510818,J2000,True,1.0,1.0
3549392,3549392,18.6,0.5064714588,1.1325046106,506.4714588346,1132.5046106177,0.3147066768,0.7037055224,1661.651821003,3715.566426699,2002-04-22,1019458800000,26.0110182594,93639.6657336942,58184.0467443613,0.48474945140000003,188.5675354004,72517488.0,45060280.0,Earth,42,2017-04-06 08:56:16,0,0.0445167,4.026,2458000.5,0.5186944854624693,1.698892015174571,9.804909089772575,78.69983183613212,808.8110754032435,0.8176860955072994,42.724829715265635,2.5800979348418434,2458002.4102697256,359.1497432190921,0.4450977625652779,J2000,True,1.0,1.0
2468541,2468541,20.2,0.2424124811,0.5420507863,242.41248110080002,542.0507863358,0.1506280858,0.33681463920000004,795.3165644948,1778.3819018419001,1999-01-22,916992000000,14.991845231,53970.642831696794,33535.258597284104,0.3189357278,124.0659942627,47712104.0,29646928.0,Earth,38,2017-04-06 09:19:21,0,0.204647,5.178999999999999,2458000.5,0.4576443419966263,1.1978249413423,11.85555483647135,95.85523895970016,478.83783064170404,0.6496471342345557,358.5717973043074,1.7460027484500438,2457890.861568866,82.42839784693919,0.7518202969000045,J2000,False,0.0,0.0
3760586,3760586,21.6,0.1272198785,0.2844722965,127.2198785394,284.4722965033,0.0790507431,0.17676283539999998,417.3880663071,933.3080892598,2011-02-08,1297152000000,12.584314904200001,45303.533655154904,28149.8540092267,0.4268087856,166.0286102295,63849684.0,39674356.0,Earth,7,2017-04-06 08:23:12,6,0.132045,5.021,2458000.5,0.6626482115399499,1.206289130003503,11.04598829694268,55.2552335749522,483.9222028238802,0.4069437954065997,197.09267453406434,2.0056344646004067,2458088.678634045,294.4020421648985,0.7439212292787055,J2000,False,0.0,0.0
3172332,3172332,25.9,0.0175612318,0.0392681082,17.561231848,39.2681081809,0.0109120402,0.024400063599999997,57.6155918963,128.8323800441,2004-01-22,1074758400000,3.4957708838,12584.775181553301,7819.6898898935,0.0131898433,5.1308488846,1973172.375,1226072.5,Earth,16,2017-04-06 09:13:16,6,0.0137876,4.878,2458000.5,0.2542406985410635,1.3345394911815471,2.171718302085568,302.0661518023458,563.1130233337133,0.995245238712915,170.84182879353818,1.673833743650179,2458086.918176293,304.75257687819436,0.6393032749779898,J2000,False,0.0,0.0
3624751,3624751,24.6,0.0319561887,0.0714562102,31.9561886721,71.45621017270001,0.0198566489,0.0444008168,104.84314204309999,234.43639258299999,2013-07-22,1374476400000,8.234803981599999,29645.2943336556,18420.433026376202,0.0645642986,25.1155109406,9658681.0,6001626.0,Earth,9,2017-04-06 08:47:06,6,0.027567200000000004,5.843999999999999,2458000.5,0.0560822285313643,1.043748795894208,16.256125045076757,300.2782404248165,389.4864990156619,0.9852130373935328,238.2308270735672,1.1022845543948832,2457926.9955577245,67.9397085289343,0.9242939123944418,J2000,False,0.0,0.0
2085990,2085990,20.2,0.2424124811,0.5420507863,242.41248110080002,542.0507863358,0.1506280858,0.33681463920000004,795.3165644948,1778.3819018419001,2003-04-22,1050994800000,7.3985946953,26634.9409029271,16549.9164738215,0.2919674698,113.5753479004,43677712.0,27140074.0,Earth,229,2017-04-06 09:28:32,0,0.031161599999999998,5.995,2456067.5,0.3113896916773102,1.008096929579188,5.319084389582809,124.55136177838841,369.7020551984641,0.6941859374966813,235.33749578401932,1.322007921661694,2456213.9869846967,217.35725904324298,0.9737570969324046,J2000,True,1.0,1.0
3687133,3687133,22.4,0.08801465210000001,0.1968067451,88.0146520901,196.80674508939998,0.0546897524,0.12229000400000001,288.7619911632,645.6914415591,2014-08-22,1408690800000,3.7087340015,13351.442405436,8296.0670879777,0.2503274857,97.3773956299,37448460.0,23269394.0,Earth,7,2017-04-06 08:38:44,8,0.246352,3.5839999999999996,2456908.5,0.42116768814609995,2.14231831650708,6.860841758750597,189.30233192288082,1145.3136278146421,1.240043063870748,133.4413181294895,3.044593569143411,2456882.210234394,8.263514366860138,0.3143243835200943,J2000,False,0.0,0.0
3127411,3127411,23.6,0.050647145899999996,0.11325046109999999,50.6471458835,113.25046106180001,0.0314706677,0.07037055219999999,166.1651821003,371.5566426699,1997-02-15,855993600000,23.7920252172,85651.290782073,53220.3812084497,0.446772018,173.7943115234,66836140.0,41530052.0,Earth,18,2017-04-06 09:15:03,6,0.00066345,3.89,2458000.5,0.4984548071415904,1.815305008386135,1.048018273547122,85.2200514685205,893.3524559164737,0.9104575005278612,131.5524554622334,2.7201525162444105,2457764.3177114786,95.1758998414885,0.40297644856271503,J2000,False,0.0,0.0
3729280,3729280,24.5,0.033462237400000004,0.0748238376,33.4622374455,74.8238376074,0.0207924639,0.0464933628,109.7842471007,245.48503937569998,1999-10-15,939970800000,9.497839755,34192.2231180107,21245.7177479661,0.049616617599999996,19.300863266,7422540.0,4612152.5,Earth,10,2017-04-06 08:31:31,7,0.0224502,4.987,2458000.5,0.2078023736248548,1.282211033771427,16.91082803456882,18.22646160779768,530.3196160080068,1.0157645374657451,13.22336638966342,1.5486575300771082,2457849.882218717,102.2447588680687,0.6788359116525018,J2000,False,0.0,0.0
2438430,2438430,20.0,0.2658,0.5943468684000001,265.8,594.3468684194,0.1651604118,0.36930990799999996,872.047272,1949.9569797851998,2006-12-22,1166774400000,16.7970168708,60469.260735040596,37573.2470383923,0.354101357,137.7454223633,52972808.0,32915778.0,Earth,24,2017-04-06 09:20:35,1,0.16107,4.762,2458000.5,0.2407245516315364,1.3577806485950241,20.39188593739852,81.33559369353502,577.8868990683345,1.0309295107480099,67.10878397512593,1.6846317864420381,2458176.3070635814,250.47936024967584,0.6229592686395723,J2000,False,0.0,0.0
3758258,3758258,23.3,0.058150704000000004,0.130028927,58.1507039646,130.02892700430002,0.0361331611,0.0807962044,190.78315559509997,426.60410487269996,2013-06-08,1370674800000,18.3540486338,66074.57508173441,41056.171388981,0.3992867494,155.3225402832,59732448.0,37116024.0,Earth,11,2017-04-06 08:24:19,6,0.0639243,3.553,2458000.5,0.5109507418566992,2.111258308717044,6.291035166133297,175.667486460409,1120.4964487731352,1.03250930962695,135.10222997952852,3.190007307807138,2457603.894221567,127.4239471193753,0.3212861588219888,J2000,False,0.0,0.0
3079950,3079950,21.6,0.1272198785,0.2844722965,127.2198785394,284.4722965033,0.0790507431,0.17676283539999998,417.3880663071,933.3080892598,2011-07-22,1311318000000,22.518324906999997,81065.9696652266,50371.2409844849,0.434608372,169.0626525879,65016488.0,40399372.0,Earth,24,2017-04-06 09:16:18,1,0.062612,6.356,2458000.5,0.3227993630332831,0.933874726984628,12.0598575368061,295.85188817802134,329.6335142636025,0.632420559961109,142.9390082994719,1.235328894008147,2458143.7002991918,203.6078084346782,1.092121960973039,J2000,False,0.0,0.0
3748472,3748472,26.9,0.011080388200000001,0.0247765013,11.080388212599999,24.7765012606,0.0068850319,0.015395399399999999,36.3529808636,81.2877363957,2006-06-22,1150959600000,3.9640903656999997,14270.725316653301,8867.2737391171,0.142287796,55.349948883100005,21285950.0,13226477.0,Earth,4,2017-04-06 08:27:11,7,0.0336951,6.057,2458000.5,0.1659032170444373,1.0021892618054549,2.0797476300761204,227.003991790028,366.45701903745044,0.8359228391845402,194.9107288518438,1.16845568442637,2458097.7757555614,264.4382555578862,0.9823798734858168,J2000,False,0.0,0.0
3644816,3644816,22.8,0.0732073989,0.1636967205,73.20739893470001,163.696720474,0.0454889547,0.1017163949,240.18176272099998,537.0627483999,2013-07-22,1374476400000,8.6935501952,31296.7807025547,19446.6024315402,0.10040432980000001,39.057285308800004,15020274.0,9333166.0,Earth,17,2017-04-06 08:45:25,6,0.052296800000000004,3.572,2458000.5,0.4919800517720162,2.0988184924512643,8.697636812613222,132.98290701055652,1110.607878476124,1.066241661875026,182.86799922082352,3.1313953230275016,2457618.835867263,123.71521078520641,0.324146809127592,J2000,False,0.0,0.0
3071917,3071917,20.0,0.2658,0.5943468684000001,265.8,594.3468684194,0.1651604118,0.36930990799999996,872.047272,1949.9569797851998,2000-11-22,974880000000,10.896091793900002,39225.9304581862,24373.4677338657,0.2235454544,86.9591751099,33441924.0,20779848.0,Earth,18,2017-04-06 09:16:41,1,0.177546,4.188,2458000.5,0.2897763540051137,1.6385307976967243,19.451067392460192,63.32331508771512,766.0909642106892,1.1637233172150772,357.313669730945,2.1133382781783716,2458007.501675155,356.70978620887513,0.469918086517195,J2000,False,0.0,0.0
2467352,2467352,21.3,0.1460679643,0.32661789739999997,146.0679642714,326.6178974458,0.090762397,0.20295088960000002,479.2256199,1071.581062656,2004-06-15,1087282800000,19.021565899200002,68477.63723703941,42549.3407598704,0.3040956469,118.29321289059999,45492064.0,28267458.0,Earth,38,2017-04-06 09:19:26,0,0.159331,6.222,2458000.5,0.3306227599692891,0.9487013434463354,23.899329415852442,249.9855551551862,337.51470586678533,0.6350390868895355,154.606472342588,1.262363600003135,2457981.510822182,20.25424046936739,1.066620190890555,J2000,False,0.0,0.0
3251512,3251512,21.3,0.1460679643,0.32661789739999997,146.0679642714,326.6178974458,0.090762397,0.20295088960000002,479.2256199,1071.581062656,2012-10-15,1350284400000,11.8597421184,42695.071626399505,26529.0571447481,0.0818467604,31.838388443000003,12244101.0,7608131.5,Earth,25,2017-04-06 09:12:22,1,0.05219680000000001,6.441,2458000.5,0.3513356081129143,0.9196267432166406,5.956232771136562,173.680788739367,322.11860920997503,0.5965291221517233,334.057094526787,1.2427243642815577,2457900.878023647,111.33759572334459,1.117600752353093,J2000,False,0.0,0.0
3599867,3599867,22.8,0.0732073989,0.1636967205,73.20739893470001,163.696720474,0.0454889547,0.1017163949,240.18176272099998,537.0627483999,1996-11-08,847440000000,7.1377286599000005,25695.823175574904,15966.3852392899,0.24481196670000002,95.2318572998,36623348.0,22756694.0,Earth,23,2017-04-06 08:50:48,3,0.113978,6.252999999999999,2458000.5,0.2242378150973576,0.9586175964783183,9.498665893063539,159.7975135152915,342.82029310305387,0.7436592811301399,200.04147596718718,1.173575911826497,2457900.0408921223,105.49340153846701,1.0501128645023992,J2000,False,0.0,0.0
2495222,2495222,20.6,0.20162991940000002,0.4508582062,201.62991944279997,450.8582061718,0.12528698470000002,0.2801502144,661.5155049046,1479.1936371367,2011-04-15,1302850800000,9.3241185238,33566.8266856395,20857.1207258631,0.47744572700000004,185.72637939450001,71424864.0,44381352.0,Earth,33,2017-06-19 06:19:30,0,0.24815399999999999,4.303,2458000.5,0.272999642093192,1.579415557655829,17.85997572213674,206.912104838817,725.0084098838962,1.1482356756993692,65.92730984565641,2.01059543961229,2457944.5544238733,27.77955004511468,0.4965459642842637,J2000,False,0.0,0.0
3748517,3748517,24.8,0.0291443905,0.06516883820000001,29.144390453499998,65.1688382168,0.018109478999999998,0.0404940262,95.6180819754,213.80853117520002,2016-07-22,1469170800000,5.798609373200001,20874.993743385,12970.9093068272,0.2679858376,104.24649810790001,40090112.0,24910842.0,Earth,3,2017-04-06 08:27:02,7,0.0459153,6.8420000000000005,2458000.5,0.2594358038122431,0.8587271731829109,4.358382004115419,197.0979396582573,290.65730035510586,0.6359425987527871,183.59713660940417,1.081511747613035,2457931.634895813,85.29439128797061,1.2385720212778961,J2000,False,0.0,0.0
2368184,2368184,19.5,0.3346223745,0.7482383761,334.6223744549,748.2383760735,0.2079246394,0.464933628,1097.8424710066001,2454.8503937571,2001-01-22,980150400000,14.035150366500002,50526.54131924231,31395.227854725897,0.2960726128,115.1722412109,44291832.0,27521668.0,Earth,57,2017-04-06 09:22:35,0,0.10733499999999999,6.252000000000001,2458000.5,0.3180173175475633,0.9507523505586194,16.10239036863631,312.7493226805265,338.60981194294715,0.6483966383819266,211.7117195401585,1.253108062735312,2458051.601920317,305.669940251925,1.063170609068638,J2000,False,0.0,0.0
3672964,3672964,20.1,0.2538370294,0.5675968529,253.8370293645,567.5968528656,0.1577269688,0.35268822409999995,832.7986794202001,1862.1944587557,2014-08-08,1407481200000,3.9260241333,14133.6868798058,8782.1233837326,0.3246362202,126.283493042,48564888.0,30176822.0,Earth,32,2017-04-06 08:40:15,2,0.28636100000000003,3.529,2458000.5,0.4150338887190758,2.2129222157880744,7.123631056968793,331.9484734515427,1202.396352085698,1.2944845031367158,331.7606182525925,3.131359928439432,2458056.8484517704,343.12915487301035,0.29940210594912203,J2000,False,0.0,0.0
3587874,3587874,22.8,0.0732073989,0.1636967205,73.20739893470001,163.696720474,0.0454889547,0.1017163949,240.18176272099998,537.0627483999,1999-07-15,932022000000,5.0431510651,18155.3438344769,11281.0246175948,0.3520580199,136.9505767822,52667132.0,32725838.0,Earth,16,2017-04-06 08:52:02,2,0.140952,5.268,2458000.5,0.09862596580220144,1.203339682214681,9.397169404205123,226.10796971602002,482.14846083327535,1.084659143868144,245.1344229323056,1.322020220561218,2457878.628158854,90.99658378390306,0.7466579886573282,J2000,False,0.0,0.0
